Fecha de cotización;Apertura;Cierre;Máximo;Mínimo;Promedio;Cantidad negociada;Monto negociado (S/);Fecha anterior;Cierre anterior corregido
30/12/2022;2.6;2.6;2.6;2.6;2.614334529301213;5853;15301.7;29/12/2022;2.6
29/12/2022;2.58;2.6;2.6;2.58;2.5921391869427235;39702;102913.11;28/12/2022;2.56
28/12/2022;2.6;2.56;2.6;2.56;2.5802925998829602;18797;48501.76;27/12/2022;2.55
27/12/2022;2.55;2.55;2.56;2.55;2.551064217213612;49426;126088.9;26/12/2022;2.55
26/12/2022;2.55;2.55;2.55;2.55;2.5469395919455926;22497;57298.5;23/12/2022;2.51
23/12/2022;2.52;2.51;2.52;2.51;2.5199166940294258;1650662;4159530.73;22/12/2022;2.5
22/12/2022;2.54;2.5;2.55;2.5;2.510729320531758;54160;135981.1;21/12/2022;2.5
21/12/2022;2.52;2.5;2.52;2.5;2.5196234796191437;348268;877504.23;20/12/2022;2.5
20/12/2022;2.5;2.5;2.5;2.5;2.5025395721478843;35947;89958.79;19/12/2022;2.5
19/12/2022;2.5;2.5;2.5;2.5;2.479361768368618;9636;23891.13;16/12/2022;2.48
16/12/2022;2.45;2.48;2.48;2.45;2.460577329849446;16074;39551.32;15/12/2022;2.5
15/12/2022;2.45;2.5;2.5;2.45;2.4684303984779623;9461;23353.82;14/12/2022;2.45
14/12/2022;2.45;2.45;2.45;2.45;2.4496679064824654;15056;36882.2;13/12/2022;2.42
13/12/2022;2.42;2.42;2.42;2.42;2.4354743716116314;8116;19766.31;12/12/2022;2.42
12/12/2022;2.41;2.42;2.42;2.4;2.4066686215097906;122772;295471.52;07/12/2022;2.48
07/12/2022;2.42;2.48;2.48;2.37;2.4180427696064704;89269;215856.26;06/12/2022;2.41
06/12/2022;2.4;2.41;2.41;2.4;2.4072858404074706;73625;177236.42;05/12/2022;2.37
05/12/2022;2.41;2.37;2.41;2.33;2.362781729689255;232377;549056.13;02/12/2022;2.41
02/12/2022;2.43;2.41;2.43;2.4;2.413584748602748;92503;223263.83;01/12/2022;2.45
01/12/2022;2.5;2.45;2.5;2.45;2.468000327048426;262958;648980.43;30/11/2022;2.45
30/11/2022;2.45;2.45;2.45;2.42;2.43267070551995;302231;735228.5;29/11/2022;2.45
29/11/2022;2.5;2.45;2.5;2.45;2.4695006550050085;64885;160233.55;28/11/2022;2.5
28/11/2022;2.49;2.5;2.5;2.49;2.498223965856007;76851;191991.01;24/11/2022;2.5
25/11/2022;;;;;2.4992745449884644;3901;9749.67;24/11/2022;2.5
24/11/2022;2.49;2.5;2.5;2.49;2.4989124407180867;120821;301921.1;23/11/2022;2.5
23/11/2022;2.5;2.5;2.5;2.5;2.5000809853214108;88905;222269.7;22/11/2022;2.51
22/11/2022;2.55;2.51;2.55;2.51;2.5366058022409175;26507;67237.81;21/11/2022;2.55
21/11/2022;2.6;2.55;2.6;2.55;2.553586733510553;56051;143131.09;18/11/2022;2.6
18/11/2022;2.6;2.6;2.6;2.6;2.5995561408643058;20502;53296.1;16/11/2022;2.61
17/11/2022;;;;;2.67;1367;3649.89;16/11/2022;2.61
16/11/2022;2.67;2.67;2.67;2.67;2.664258080019224;16646;44349.24;15/11/2022;2.63
15/11/2022;2.65;2.63;2.66;2.63;2.642401151701878;54528;144084.85;14/11/2022;2.65
14/11/2022;2.6;2.65;2.65;2.6;2.6437540387265868;44259;117009.91;11/11/2022;2.65
11/11/2022;2.6;2.65;2.65;2.6;2.6176537939064626;51530;134887.7;10/11/2022;2.6
10/11/2022;2.6;2.6;2.61;2.6;2.6021077322377826;72049;187479.26;09/11/2022;2.59
09/11/2022;2.56;2.59;2.6;2.56;2.5914546471311932;44705;115850.98;08/11/2022;2.5
08/11/2022;2.5;2.5;2.5;2.5;2.5000362178243436;38655;96638.9;07/11/2022;2.5
07/11/2022;2.5;2.5;2.5;2.47;2.498492929043414;80965;202290.48;04/11/2022;2.5
04/11/2022;2.5;2.5;2.5;2.48;2.493903033674772;61114;152412.39;03/11/2022;2.49
03/11/2022;2.47;2.49;2.5;2.47;2.4880586084391165;96266;239515.45;02/11/2022;2.45
02/11/2022;2.45;2.45;2.45;2.45;2.4525390784634244;39152;96021.81;31/10/2022;2.45
31/10/2022;2.4;2.45;2.45;2.4;2.4174641739735026;25889;62585.73;28/10/2022;2.44
28/10/2022;2.44;2.44;2.44;2.44;2.436614445034519;18830;45881.45;27/10/2022;2.41
27/10/2022;2.4;2.41;2.41;2.4;2.4002346061192146;174761;419467.4;26/10/2022;2.4
26/10/2022;2.41;2.4;2.41;2.4;2.402921989897052;156390;375792.97;25/10/2022;2.36
25/10/2022;2.39;2.36;2.39;2.36;2.3688208566108004;13425;31801.42;24/10/2022;2.4
24/10/2022;2.4;2.4;2.4;2.4;2.400084128216988;114587;275018.44;21/10/2022;2.39
21/10/2022;2.37;2.39;2.39;2.35;2.354856813783485;127631;300552.73;20/10/2022;2.4
20/10/2022;2.4;2.4;2.4;2.4;2.4;25312;60748.8;18/10/2022;2.4
19/10/2022;;;;;2.4;2490;5976;18/10/2022;2.4
18/10/2022;2.4;2.4;2.4;2.39;2.3995168106312295;75250;180563.64;17/10/2022;2.39
17/10/2022;2.38;2.39;2.39;2.38;2.3886324786324784;24804;59247.64;14/10/2022;2.4
14/10/2022;2.38;2.4;2.4;2.38;2.3884210697025723;30831;73637.41;13/10/2022;2.4
13/10/2022;2.4;2.4;2.4;2.4;2.39902208488594;11003;26396.44;12/10/2022;2.42
12/10/2022;2.42;2.42;2.42;2.42;2.42;4424;10706.08;11/10/2022;2.42
11/10/2022;2.42;2.42;2.42;2.42;2.430716520184716;13426;32634.8;10/10/2022;2.45
10/10/2022;2.45;2.45;2.45;2.45;2.446964669139176;10246;25071.6;07/10/2022;2.42
07/10/2022;2.45;2.42;2.45;2.42;2.4409634036860357;56809;138668.69;06/10/2022;2.49
06/10/2022;2.45;2.49;2.49;2.45;2.4691229385307345;10672;26350.48;04/10/2022;2.45
05/10/2022;;;;;2.4788865836791145;2892;7168.94;04/10/2022;2.45
04/10/2022;2.45;2.45;2.45;2.45;2.4470513181019333;28450;69618.61;03/10/2022;2.45
03/10/2022;2.45;2.45;2.45;2.45;2.449934723866776;32937;80693.5;29/09/2022;2.45
30/09/2022;;;;;2.455339914740857;4457;10943.45;29/09/2022;2.45
29/09/2022;2.45;2.45;2.45;2.45;2.4527952643250592;27958;68575.25;28/09/2022;2.45
28/09/2022;2.45;2.45;2.45;2.45;2.450664222328498;37638;92238.1;27/09/2022;2.5
27/09/2022;2.46;2.5;2.5;2.45;2.4607430496939404;150461;370245.86;26/09/2022;2.45
26/09/2022;2.5;2.45;2.5;2.45;2.4973019866400623;115270;287864;23/09/2022;2.5
23/09/2022;2.54;2.5;2.54;2.5;2.517392556746169;8679;21848.45;20/09/2022;2.55
22/09/2022;;;;;2.5268083400160384;1247;3150.93;20/09/2022;2.55
21/09/2022;;;;;2.55;13;33.15;20/09/2022;2.55
20/09/2022;2.55;2.55;2.55;2.55;2.552014969181098;6814;17389.43;19/09/2022;2.53
19/09/2022;2.53;2.53;2.53;2.53;2.528763353836193;12356;31245.4;16/09/2022;2.5
16/09/2022;2.51;2.5;2.51;2.5;2.5022410312160273;12878;32223.86;14/09/2022;2.54
15/09/2022;;;;;2.5293867175087383;6294;15919.96;14/09/2022;2.54
14/09/2022;2.54;2.54;2.54;2.54;2.539976600985222;32480;82498.44;13/09/2022;2.54
13/09/2022;2.54;2.54;2.54;2.54;2.545968456004427;3614;9201.13;09/09/2022;2.59
12/09/2022;;;;;2.59;357;924.63;09/09/2022;2.59
09/09/2022;2.59;2.59;2.59;2.59;2.5880504077094146;6745;17456.4;08/09/2022;2.57
08/09/2022;2.55;2.57;2.57;2.55;2.5632153060341096;23102;59215.4;07/09/2022;2.55
07/09/2022;2.52;2.55;2.55;2.51;2.5372098005754786;80281;203689.74;06/09/2022;2.55
06/09/2022;2.55;2.55;2.55;2.55;2.567314662273476;3035;7791.8;05/09/2022;2.55
05/09/2022;2.55;2.55;2.55;2.55;2.550092102233479;4343;11075.05;02/09/2022;2.7
02/09/2022;2.65;2.7;2.7;2.65;2.6975355922877644;87238;235327.61;01/09/2022;2.68
01/09/2022;2.68;2.68;2.74;2.68;2.6833156346416014;41811;112192.11;31/08/2022;2.68
31/08/2022;2.55;2.68;2.68;2.55;2.599766966591922;35231;91592.39;29/08/2022;2.6
29/08/2022;2.65;2.6;2.65;2.6;2.627454634624816;6117;16072.14;26/08/2022;2.51
26/08/2022;2.5;2.51;2.51;2.5;2.5064442413162706;10940;27420.5;25/08/2022;2.5
25/08/2022;2.52;2.5;2.55;2.5;2.502761063743402;344820;863002.07;23/08/2022;2.52
24/08/2022;;;;;2.5773170731707316;41;105.67;23/08/2022;2.52
23/08/2022;2.52;2.52;2.52;2.52;2.52;12201;30746.52;22/08/2022;2.52
22/08/2022;2.52;2.52;2.52;2.52;2.5219102569100618;51302;129379.04;19/08/2022;2.51
19/08/2022;2.51;2.51;2.51;2.51;2.5105347380976046;10061;25258.49;18/08/2022;2.69
18/08/2022;2.7;2.69;2.7;2.69;2.697563854904486;27954;75407.7;15/08/2022;2.8
17/08/2022;;;;;2.791879049676026;926;2585.28;15/08/2022;2.8
16/08/2022;;;;;2.805434782608696;46;129.05;15/08/2022;2.8
15/08/2022;2.8;2.8;2.8;2.8;2.8000312163616794;18580;52024.58;12/08/2022;2.77
12/08/2022;2.78;2.77;2.78;2.77;2.77683050637613;16154;44856.92;11/08/2022;2.79
11/08/2022;2.79;2.79;2.79;2.78;2.788326955156511;10191;28415.84;10/08/2022;2.78
10/08/2022;2.78;2.78;2.78;2.78;2.7799851077208193;30217;84002.81;09/08/2022;2.6
09/08/2022;2.79;2.8;2.8;2.79;2.7947085201793724;57534;160790.76;08/08/2022;2.8
08/08/2022;2.85;2.8;2.85;2.8;2.832735510052353;64562;182887.07;05/08/2022;2.8
05/08/2022;2.9;2.8;2.9;2.79;2.804805405833862;50464;141541.7;04/08/2022;2.79
04/08/2022;2.8;2.79;2.8;2.74;2.7957657415134465;37147;103854.31;02/08/2022;2.74
03/08/2022;;;;;2.7271323122347297;5419;14778.33;02/08/2022;2.74
02/08/2022;2.65;2.74;2.74;2.65;2.6807270584618537;19517;52319.75;01/08/2022;2.6
01/08/2022;2.6;2.6;2.6;2.6;2.6;89477;232640.2;27/07/2022;2.6
27/07/2022;2.65;2.6;2.65;2.6;2.6403595393282187;52011;137327.74;26/07/2022;2.6
26/07/2022;2.59;2.6;2.6;2.59;2.598665690491443;43708;113582.48;25/07/2022;2.6
25/07/2022;2.6;2.6;2.6;2.6;2.5974545731707317;32800;85196.51;22/07/2022;2.55
22/07/2022;2.55;2.55;2.55;2.55;2.550799294129859;19267;49146.25;21/07/2022;2.5
21/07/2022;2.5;2.5;2.5;2.5;2.5001678715843645;8161;20403.87;20/07/2022;2.5
20/07/2022;2.5;2.5;2.5;2.5;2.5;14357;35892.5;19/07/2022;2.5
19/07/2022;2.57;2.5;2.57;2.5;2.509377707190297;20778;52139.85;13/07/2022;2.58
18/07/2022;;;;;2.5753993933265926;989;2547.07;13/07/2022;2.58
15/07/2022;;;;;2.569795918367347;931;2392.48;13/07/2022;2.58
14/07/2022;;;;;2.5656846473029047;482;1236.66;13/07/2022;2.58
13/07/2022;2.57;2.58;2.58;2.57;2.5706044392425698;95692;245986.28;12/07/2022;2.56
12/07/2022;2.56;2.56;2.56;2.56;2.5826757263355202;8536;22045.72;08/07/2022;2.55
11/07/2022;;;;;;;;08/07/2022;2.55
08/07/2022;2.55;2.55;2.55;2.55;2.55;92000;234600;07/07/2022;2.52
07/07/2022;2.52;2.52;2.52;2.52;2.520108334789446;45784;115380.64;06/07/2022;2.54
06/07/2022;2.54;2.54;2.54;2.54;2.5419736842105265;4864;12364.16;05/07/2022;2.73
05/07/2022;2.73;2.73;2.73;2.73;2.7301364187550528;19792;54034.86;04/07/2022;2.73
04/07/2022;2.73;2.73;2.73;2.73;2.730006850337687;113863;310846.77;01/07/2022;2.73
01/07/2022;2.73;2.73;2.73;2.73;2.73;46439;126778.47;30/06/2022;2.73
30/06/2022;2.73;2.73;2.73;2.73;2.730935494007272;22277;60837.05;28/06/2022;2.73
28/06/2022;2.73;2.73;2.73;2.73;2.7316763893153206;13028;35588.28;27/06/2022;2.73
27/06/2022;2.73;2.73;2.73;2.73;2.73;2796;7633.08;23/06/2022;2.73
24/06/2022;;;;;2.73;935;2552.55;23/06/2022;2.73
23/06/2022;2.73;2.73;2.73;2.73;2.715705368289638;3204;8701.12;22/06/2022;2.73
22/06/2022;2.72;2.73;2.73;2.72;2.719179054243563;35654;96949.61;21/06/2022;2.7
21/06/2022;2.7;2.7;2.7;2.7;2.686466945124586;6943;18652.14;20/06/2022;2.67
20/06/2022;2.66;2.67;2.67;2.66;2.6680754941980465;21803;58172.05;16/06/2022;2.66
17/06/2022;;;;;2.6596913580246913;1296;3446.96;16/06/2022;2.66
16/06/2022;2.66;2.66;2.66;2.66;2.6613591595535127;3046;8106.5;14/06/2022;2.65
15/06/2022;;;;;2.6665335753176045;551;1469.26;14/06/2022;2.65
14/06/2022;2.65;2.65;2.65;2.63;2.639622562382051;9538;25176.72;13/06/2022;2.68
13/06/2022;2.68;2.68;2.68;2.68;2.68;2810;7530.8;10/06/2022;2.68
10/06/2022;2.68;2.68;2.68;2.68;2.642669616519174;6780;17917.3;09/06/2022;2.63
09/06/2022;2.65;2.63;2.65;2.63;2.63878243755467;41156;108601.73;08/06/2022;2.78
08/06/2022;2.78;2.78;2.78;2.78;2.729418291862811;5948;16234.58;07/06/2022;2.58
07/06/2022;2.58;2.58;2.58;2.58;2.580201117318436;3580;9237.12;06/06/2022;2.58
06/06/2022;2.58;2.58;2.58;2.58;2.577926655180901;20315;52370.58;02/06/2022;2.58
03/06/2022;;;;;2.569951845906902;3738;9606.48;02/06/2022;2.58
02/06/2022;2.58;2.58;2.58;2.58;2.581562911853632;12899;33299.58;01/06/2022;2.62
01/06/2022;2.65;2.62;2.65;2.62;2.640151899557637;30744;81168.83;31/05/2022;2.7
31/05/2022;2.65;2.7;2.7;2.65;2.6806426560528105;10301;27613.3;30/05/2022;2.7
30/05/2022;2.7;2.7;2.7;2.7;2.6999636627906978;22016;59442.4;27/05/2022;2.7
27/05/2022;2.7;2.7;2.7;2.7;2.7000334112930173;41902;113136.8;26/05/2022;2.8
26/05/2022;2.8;2.8;2.8;2.8;2.8164880461665294;6065;17082;25/05/2022;2.8
25/05/2022;2.8;2.8;2.8;2.8;2.8;29998;83994.4;24/05/2022;2.8
24/05/2022;2.8;2.8;2.8;2.8;2.8003249516441007;7755;21716.52;20/05/2022;2.8
23/05/2022;;;;;2.903903252710592;3597;10445.34;20/05/2022;2.8
20/05/2022;2.8;2.8;2.8;2.8;2.8015747586773467;19476;54563.47;17/05/2022;2.7
19/05/2022;;;;;2.7113623462630083;1057;2865.91;17/05/2022;2.7
18/05/2022;;;;;2.8039161462979485;1121;3143.19;17/05/2022;2.7
17/05/2022;2.7;2.7;2.7;2.7;2.727027027027027;5920;16144;16/05/2022;2.75
16/05/2022;2.75;2.75;2.75;2.75;2.743773305346339;8099;22221.82;13/05/2022;2.78
13/05/2022;2.77;2.78;2.89;2.76;2.7931594224527108;134015;374325.26;12/05/2022;2.8
12/05/2022;2.8;2.8;2.8;2.8;2.806085192697769;9860;27668;11/05/2022;2.93
11/05/2022;2.93;2.93;2.93;2.93;2.9299999999999997;7771;22769.03;09/05/2022;2.94
10/05/2022;;;;;2.94;166;488.04;09/05/2022;2.94
09/05/2022;2.94;2.94;2.94;2.94;2.9400940623162843;17010;50011;06/05/2022;2.94
06/05/2022;3;2.94;3;2.94;2.973340314136126;9550;28395.4;05/05/2022;3.1
05/05/2022;3.1;3.1;3.1;3.07;3.0980762279155933;44262;137127.05;04/05/2022;3.1
04/05/2022;3.09;3.1;3.1;3.09;3.0980172664661945;10309;31937.46;02/05/2022;3.1
03/05/2022;;;;;3.1;580;1798;02/05/2022;3.1
02/05/2022;3.1;3.1;3.1;3.1;3.0722359414843643;7451;22891.23;28/04/2022;3.07
29/04/2022;;;;;3.2114911463187323;1073;3445.93;28/04/2022;3.07
28/04/2022;3.07;3.07;3.07;3.07;3.0709438943894387;1515;4652.48;27/04/2022;3.05
27/04/2022;2.88;3.05;3.05;2.88;2.9538319528288643;14246;42080.29;26/04/2022;2.88
26/04/2022;2.9;2.88;2.9;2.88;2.8978480334369308;9331;27039.82;22/04/2022;3.05
25/04/2022;;;;;2.867639902676399;2466;7071.6;22/04/2022;3.05
22/04/2022;3;3.05;3.05;3;3.042204724409449;4572;13908.96;20/04/2022;3.12
21/04/2022;;;;;3.0314787701317716;4098;12423;20/04/2022;3.12
20/04/2022;3.1;3.12;3.12;3.1;3.1232228218966847;6485;20254.1;19/04/2022;3.16
19/04/2022;3.28;3.28;3.28;3.28;3.2748313108414453;7499;24557.96;18/04/2022;3.28
18/04/2022;3.4;3.28;3.4;3.28;3.2894440387073214;21908;72065.14;13/04/2022;3.3
13/04/2022;3.3;3.3;3.5;3.3;3.422461050201962;31194;106760.25;12/04/2022;3.38
12/04/2022;3.47;3.38;3.47;3.3;3.405362573099415;8550;29115.85;11/04/2022;3.47
11/04/2022;3.3;3.47;3.47;3.28;3.319573903818953;11312;37551.02;07/04/2022;3.35
08/04/2022;;;;;;;;07/04/2022;3.35
07/04/2022;3.35;3.35;3.35;3.35;3.3503796321464168;22074;73956.28;04/04/2022;3.48
06/04/2022;;;;;3.4062156133828996;2690;9162.72;04/04/2022;3.48
05/04/2022;;;;;3.48;1821;6337.08;04/04/2022;3.48
04/04/2022;3.5;3.48;3.5;3.42;3.4393647425394183;37229;128044.11;01/04/2022;3.36
01/04/2022;3.3;3.36;3.36;3.3;3.3408494054162086;20014;66863.76;31/03/2022;3.37
31/03/2022;3.5;3.37;3.54;3.37;3.4758189304187264;87193;303067.08;30/03/2022;3.5
30/03/2022;3.3;3.5;3.55;3.3;3.4385000050511683;98987;340366.8;29/03/2022;3.24
29/03/2022;3.22;3.24;3.25;3.22;3.2263843888070696;16296;52577.16;28/03/2022;3.22
28/03/2022;3.2;3.22;3.22;3.2;3.2150656622891804;30002;96458.4;25/03/2022;3.2
25/03/2022;3.17;3.2;3.21;3.17;3.199167494207216;48336;154634.96;24/03/2022;3.2
24/03/2022;3.2;3.2;3.2;3.2;3.2;34298;109753.6;23/03/2022;3.16
23/03/2022;3.18;3.16;3.18;3.15;3.157165924984107;23595;74493.33;22/03/2022;3.16
22/03/2022;3.16;3.16;3.2;3.16;3.171527683834187;41396;131288.56;21/03/2022;3.15
21/03/2022;3.15;3.15;3.15;3.15;3.148909617176503;50441;158834.15;18/03/2022;3.15
18/03/2022;3.15;3.15;3.15;3.15;3.1498301886792452;14310;45074.07;17/03/2022;3.15
17/03/2022;3.17;3.15;3.17;3.15;3.153292447319944;22257;70182.83;16/03/2022;3.19
16/03/2022;3.03;3.19;3.19;3.03;3.0910764277715566;14288;44165.3;15/03/2022;3.03
15/03/2022;3.06;3.03;3.06;3.03;3.0518453523443925;65646;200341.44;14/03/2022;3.03
14/03/2022;3.05;3.03;3.05;3.03;3.0382714342620147;42677;129664.31;11/03/2022;3.1
11/03/2022;3.2;3.1;3.2;3.1;3.1352535634225775;23643;74126.8;10/03/2022;3.2
10/03/2022;3.1;3.2;3.2;3.1;3.153895298064991;21757;68619.3;09/03/2022;3
09/03/2022;3;3;3;3;3.0047619047619047;3150;9465;08/03/2022;3.1
08/03/2022;3.2;3.1;3.2;3.1;3.1644966152959815;13886;43942.2;07/03/2022;3.2
07/03/2022;3.2;3.2;3.2;3.2;3.2;5041;16131.2;04/03/2022;3.2
04/03/2022;3.2;3.2;3.22;3.2;3.201812937783272;19416;62166.4;03/03/2022;3.2
03/03/2022;3.15;3.2;3.2;3.15;3.1668057740353475;54035;171118.35;02/03/2022;3.05
02/03/2022;3.02;3.05;3.06;3.01;3.0406178343949044;53380;162308.18;01/03/2022;3
01/03/2022;3;3;3;2.99;2.9986510204081633;24500;73466.95;28/02/2022;3.01
28/02/2022;3.06;3.01;3.06;3.01;3.043625578121858;24865;75679.75;25/02/2022;3.1
25/02/2022;3;3.1;3.1;3;3.0345645457745105;25571;77596.85;24/02/2022;2.95
24/02/2022;3.03;2.95;3.03;2.8;2.9185500964310944;104738;305683.1;23/02/2022;3.04
23/02/2022;3.04;3.04;3.04;3.04;3.0401883830455256;5096;15492.8;22/02/2022;3.05
22/02/2022;3.1;3.05;3.1;3.05;3.0596092296241157;8061;24663.51;21/02/2022;3.1
21/02/2022;3.1;3.1;3.1;3.1;3.110008929900283;6719;20896.15;18/02/2022;3.15
18/02/2022;3.2;3.15;3.2;3.15;3.159336196433573;10711;33839.65;17/02/2022;3.2
17/02/2022;3.2;3.2;3.21;3.2;3.2014802970231964;91306;292314.36;16/02/2022;3.2
16/02/2022;3.1;3.2;3.2;3.1;3.1479906912897064;93246;293537.54;15/02/2022;3.1
15/02/2022;3.15;3.1;3.15;3.05;3.099983327775925;20993;65077.95;14/02/2022;3
14/02/2022;3.15;3;3.15;3;3.056630003679928;24457;74756;11/02/2022;3.15
11/02/2022;3.2;3.15;3.2;3.15;3.1920949977053694;17432;55644.6;10/02/2022;3.2
10/02/2022;3.16;3.2;3.2;3.16;3.1842239502332816;12860;40949.12;08/02/2022;3.21
09/02/2022;;;;;3.1219512195121952;1476;4608;08/02/2022;3.21
08/02/2022;3.1;3.21;3.21;3.1;3.1817109432540294;58383;185757.83;07/02/2022;3.05
07/02/2022;3.05;3.05;3.05;3.05;3.0596090610157107;8211;25122.45;03/02/2022;3.05
04/02/2022;;;;;3.05;2808;8564.4;03/02/2022;3.05
03/02/2022;3.05;3.05;3.05;3;3.022827648592561;18793;56808;02/02/2022;3.07
02/02/2022;3.07;3.07;3.07;3.07;3.0748711388455536;16025;49274.81;01/02/2022;3.07
01/02/2022;3.1;3.07;3.1;3.07;3.097425668860176;41638;128970.61;31/01/2022;3.2
31/01/2022;3.2;3.2;3.2;3.2;3.2;2200;7040;26/01/2022;3.2
28/01/2022;;;;;;;;26/01/2022;3.2
27/01/2022;;;;;3.1880352140856343;2499;7966.9;26/01/2022;3.2
26/01/2022;3.2;3.2;3.2;3.2;3.1971734378533205;13267;42416.9;25/01/2022;3.2
25/01/2022;3.1;3.2;3.2;3.1;3.180725690875664;69079;219721.35;24/01/2022;3.1
24/01/2022;3.15;3.1;3.15;3.1;3.1154708860759497;19750;61530.55;21/01/2022;3.2
21/01/2022;3.35;3.2;3.35;3.2;3.2517465812705555;51993;169068.06;20/01/2022;3.3
20/01/2022;3.2;3.3;3.3;3.2;3.2744063620071686;22320;73084.75;19/01/2022;3.1
19/01/2022;3.16;3.1;3.16;3.1;3.139261299962645;10708;33615.21;18/01/2022;3.2
18/01/2022;3.1;3.2;3.2;3.1;3.169934133243833;23836;75558.55;14/01/2022;3.1
17/01/2022;;;;;;;;14/01/2022;3.1
14/01/2022;3.1;3.1;3.1;3.1;3.1149915714553287;21356;66523.76;13/01/2022;3.26
13/01/2022;3.1;3.26;3.26;3.1;3.147919204395417;46958;147819.99;12/01/2022;3.02
12/01/2022;3;3.02;3.02;2.99;3.0116699861312424;95899;288816.14;11/01/2022;2.98
11/01/2022;3;2.98;3;2.98;2.999384583463015;192780;578221.36;10/01/2022;2.98
10/01/2022;3;2.98;3;2.98;2.995520093499955;22246;66638.34;07/01/2022;2.99
07/01/2022;2.96;2.99;3;2.96;2.9916448555636075;140754;421085.98;06/01/2022;2.96
06/01/2022;2.85;2.96;2.96;2.85;2.9188981229084945;90246;263418.88;05/01/2022;2.81
05/01/2022;2.81;2.81;2.81;2.81;2.81;12882;36198.42;04/01/2022;2.8
04/01/2022;2.8;2.8;2.8;2.8;2.8;37045;103726;03/01/2022;2.8
03/01/2022;2.8;2.8;2.8;2.8;2.8;16000;44800;30/12/2021;2.9
31/12/2021;;;;;2.9;277;803.3;30/12/2021;2.9
30/12/2021;2.95;2.9;2.95;2.9;2.9265748652011614;36165;105839.58;29/12/2021;2.9
29/12/2021;2.9;2.9;2.92;2.9;2.9030180276623985;23353;67794.18;28/12/2021;2.84
28/12/2021;2.76;2.84;2.84;2.76;2.7955291033313916;37762;105564.77;27/12/2021;2.76
27/12/2021;2.76;2.76;2.76;2.76;2.761679849143576;19091;52723.23;24/12/2021;2.7
24/12/2021;2.7;2.7;2.7;2.7;2.7;10000;27000;23/12/2021;2.71
23/12/2021;2.7;2.71;2.71;2.7;2.703457814661134;5784;15636.8;22/12/2021;2.71
22/12/2021;2.75;2.71;2.75;2.71;2.717367034020125;16696;45369.16;21/12/2021;2.8
21/12/2021;2.85;2.8;2.85;2.8;2.842173170577446;15811;44937.6;20/12/2021;2.8
20/12/2021;2.85;2.8;2.85;2.8;2.8470501655832208;40765;116060;17/12/2021;2.85
17/12/2021;2.8;2.85;2.85;2.8;2.8336979534227242;14170;40153.5;16/12/2021;2.8
16/12/2021;2.82;2.8;2.82;2.8;2.8028233814080963;44514;124764.88;15/12/2021;2.8
15/12/2021;2.85;2.8;2.85;2.8;2.807079182499743;19474;54665.06;14/12/2021;2.89
14/12/2021;2.9;2.89;2.9;2.89;2.893957526719681;43133;124825.07;13/12/2021;2.89
13/12/2021;2.82;2.89;2.9;2.82;2.8894992758486704;56618;163597.67;10/12/2021;2.82
10/12/2021;2.79;2.82;2.82;2.79;2.799838013304337;62536;175090.67;09/12/2021;2.72
09/12/2021;2.72;2.72;2.72;2.72;2.7200627215707662;3667;9974.47;07/12/2021;2.7
07/12/2021;2.7;2.7;2.7;2.7;2.71811840762164;11756;31954.2;06/12/2021;2.7
06/12/2021;2.7;2.7;2.7;2.7;2.7;2525;6817.5;03/12/2021;2.7
03/12/2021;2.7;2.7;2.7;2.7;2.7012902300910326;13951;37685.7;02/12/2021;2.7
02/12/2021;2.7;2.7;2.75;2.7;2.732473602215683;23108;63142;01/12/2021;2.7
01/12/2021;2.7;2.7;2.7;2.7;2.705134584935535;26526;71756.4;30/11/2021;2.8
30/11/2021;2.7;2.8;2.8;2.7;2.7785696458654594;112189;311724.95;29/11/2021;2.7
29/11/2021;2.7;2.7;2.72;2.7;2.7044168166203173;18339;49596.3;26/11/2021;2.7
26/11/2021;2.75;2.7;2.75;2.7;2.72717776203966;56480;154031;24/11/2021;2.75
25/11/2021;;;;;2.75;3210;8827.5;24/11/2021;2.75
24/11/2021;2.75;2.75;2.75;2.75;2.7503437371098585;29092;80013;23/11/2021;2.75
23/11/2021;2.75;2.75;2.75;2.75;2.75;9733;26765.75;22/11/2021;2.78
22/11/2021;2.78;2.78;2.78;2.78;2.781816639477977;15325;42631.34;19/11/2021;2.82
19/11/2021;2.85;2.82;2.85;2.82;2.8463256989522674;89813;255637.05;18/11/2021;2.8
18/11/2021;2.8;2.8;2.8;2.8;2.798926270579814;27940;78202;17/11/2021;2.8
17/11/2021;2.8;2.8;2.8;2.8;2.799827147941027;78680;220290.4;16/11/2021;2.83
16/11/2021;2.82;2.83;2.83;2.8;2.8153571428571427;28000;78830;15/11/2021;2.84
15/11/2021;2.78;2.84;2.84;2.78;2.7958818716060403;13443;37585.04;12/11/2021;2.78
12/11/2021;2.76;2.78;2.78;2.76;2.771526218383714;16210;44926.44;11/11/2021;2.82
11/11/2021;2.75;2.82;2.85;2.75;2.799982703749827;14454;40470.95;10/11/2021;2.75
10/11/2021;2.76;2.75;2.76;2.75;2.7532666666666668;15000;41299;09/11/2021;2.75
09/11/2021;2.79;2.75;2.79;2.75;2.7560929036996233;21786;60044.24;08/11/2021;2.79
08/11/2021;2.84;2.85;2.85;2.84;2.8465174129353232;14070;40050.5;05/11/2021;2.85
05/11/2021;2.85;2.85;2.9;2.8;2.8467561126313004;22658;64501.8;04/11/2021;2.85
04/11/2021;2.81;2.85;2.85;2.8;2.815661929693343;40110;112936.2;03/11/2021;2.81
03/11/2021;2.83;2.81;2.83;2.81;2.8271065989847717;12805;36201.1;02/11/2021;2.82
02/11/2021;2.8;2.82;2.82;2.8;2.807421497053391;22738;63835.15;28/10/2021;2.85
29/10/2021;;;;;2.83;1000;2830;28/10/2021;2.85
28/10/2021;2.8;2.85;2.85;2.8;2.8423562456112976;12817;36430.48;27/10/2021;2.81
27/10/2021;2.83;2.81;2.83;2.81;2.8252040423484117;10390;29353.87;26/10/2021;2.83
26/10/2021;3;2.83;3;2.83;2.899721207009652;42684;123771.7;25/10/2021;2.9
25/10/2021;2.86;2.9;2.9;2.86;2.8752967043887656;80501;231464.26;22/10/2021;2.86
22/10/2021;2.92;2.86;2.92;2.86;2.873366433786012;25478;73207.63;21/10/2021;2.86
21/10/2021;2.9;2.86;2.9;2.8;2.862311794341506;166334;476099.77;20/10/2021;2.9
20/10/2021;2.78;2.9;2.9;2.78;2.8429023581877177;115258;327667.24;19/10/2021;2.75
19/10/2021;2.76;2.75;2.76;2.75;2.7530726133635084;289864;798016.64;18/10/2021;2.76
18/10/2021;2.8;2.76;2.8;2.75;2.757938902119902;68022;187600.52;15/10/2021;2.67
15/10/2021;2.6;2.67;2.67;2.6;2.6246747688243066;37850;99343.94;14/10/2021;2.6
14/10/2021;2.55;2.6;2.6;2.55;2.589039644832152;102712;265925.44;13/10/2021;2.55
13/10/2021;2.48;2.55;2.55;2.48;2.499217470320281;84738;211778.69;11/10/2021;2.48
12/10/2021;;;;;2.48;2000;4960;11/10/2021;2.48
11/10/2021;2.45;2.48;2.49;2.45;2.4862271870219503;56218;139770.72;07/10/2021;2.45
07/10/2021;2.45;2.45;2.45;2.45;2.45;29705;72777.25;06/10/2021;2.33
06/10/2021;2.31;2.33;2.33;2.31;2.3237574711117017;75290;174955.7;05/10/2021;2.33
05/10/2021;2.33;2.33;2.33;2.3;2.329450909090909;44000;102495.84;04/10/2021;2.49
04/10/2021;2.49;2.49;2.49;2.49;2.49;4323;10764.27;01/10/2021;2.5
01/10/2021;2.49;2.5;2.5;2.49;2.4904920795416245;41538;103450.06;30/09/2021;2.49
30/09/2021;2.49;2.49;2.49;2.49;2.4903030303030302;24750;61635;29/09/2021;2.5
29/09/2021;2.5;2.5;2.5;2.5;2.5028484618306113;10532;26360;28/09/2021;2.5
28/09/2021;2.5;2.5;2.5;2.5;2.5;63180;157950;27/09/2021;2.45
27/09/2021;2.45;2.45;2.45;2.45;2.45;63543;155680.35;24/09/2021;2.45
24/09/2021;2.45;2.45;2.45;2.45;2.4378571428571427;4200;10239;23/09/2021;2.4
23/09/2021;2.4;2.4;2.4;2.4;2.3999766055603904;1496082;3590561.8;22/09/2021;2.4
22/09/2021;2.4;2.4;2.4;2.4;2.4;6300;15120;21/09/2021;2.4
21/09/2021;2.4;2.4;2.4;2.4;2.397838355181077;58511;140299.92;20/09/2021;2.35
20/09/2021;2.36;2.35;2.36;2.35;2.351818181818182;27500;64675;16/09/2021;2.4
17/09/2021;;;;;2.4;205;492;16/09/2021;2.4
16/09/2021;2.4;2.4;2.4;2.4;2.4;23970;57528;15/09/2021;2.35
15/09/2021;2.35;2.35;2.35;2.35;2.35;8500;19975;14/09/2021;2.35
14/09/2021;2.35;2.35;2.35;2.35;2.35;10000;23500;13/09/2021;2.4
13/09/2021;2.38;2.4;2.4;2.38;2.3899296307066007;17195;41094.84;10/09/2021;2.4
10/09/2021;2.31;2.4;2.4;2.31;2.3606355742547667;22342;52741.32;08/09/2021;2.35
09/09/2021;;;;;2.320752688172043;1860;4316.6;08/09/2021;2.35
08/09/2021;2.36;2.35;2.36;2.35;2.353312320131561;36485;85860.6;07/09/2021;2.4
07/09/2021;2.4;2.4;2.4;2.4;2.4000000000000004;39909;95781.6;06/09/2021;2.4
06/09/2021;2.44;2.4;2.44;2.4;2.4199045801526715;20960;50721.2;03/09/2021;2.45
03/09/2021;2.35;2.45;2.45;2.35;2.434240837696335;19100;46494;02/09/2021;2.45
02/09/2021;2.45;2.45;2.45;2.45;2.45;14040;34398;01/09/2021;2.45
01/09/2021;2.31;2.45;2.48;2.31;2.4423831863539105;250035;610681.28;31/08/2021;2.23
31/08/2021;2.23;2.23;2.23;2.23;2.23;4000;8920;27/08/2021;2.23
27/08/2021;2.18;2.23;2.23;2.18;2.2131881903143586;9416;20839.38;26/08/2021;2.2
26/08/2021;2.2;2.2;2.2;2.2;2.2;9775;21505;25/08/2021;2.28
25/08/2021;2.24;2.28;2.28;2.24;2.25910290237467;4927;11130.6;24/08/2021;2.28
24/08/2021;1.98;2.28;2.28;1.98;2.0814210005497524;90950;189305.24;23/08/2021;1.98
23/08/2021;1.97;1.98;1.98;1.96;1.9709741850386282;159210;313798.8;20/08/2021;1.98
20/08/2021;1.98;1.98;1.98;1.98;1.9784905660377359;13250;26215;19/08/2021;1.98
19/08/2021;1.98;1.98;1.98;1.98;1.9826362762597831;7283;14439.54;18/08/2021;1.99
18/08/2021;1.98;1.99;1.99;1.98;1.9876572327044026;11448;22754.7;17/08/2021;2
17/08/2021;2.04;2;2.04;2;2.012797224850205;15855;31912.9;16/08/2021;2.06
16/08/2021;2.06;2.06;2.06;2.06;2.06;7100;14626;13/08/2021;2.06
13/08/2021;2;2.06;2.07;2;2.0548357888145143;118171;242822;12/08/2021;2.07
12/08/2021;2.07;2.07;2.07;2.07;2.0555177407675598;4143;8516.01;11/08/2021;2.09
11/08/2021;2;2.09;2.09;1.99;2.004540738644785;74217;148771;10/08/2021;2
10/08/2021;2;2;2;1.98;1.9993656474909691;361534;722838.66;09/08/2021;2
09/08/2021;2;2;2;2;2;346593;693186;06/08/2021;2.04
06/08/2021;2.03;2.04;2.04;2;2.015787951807229;107900;217503.52;05/08/2021;2.02
05/08/2021;2;2.02;2.1;2;2.003608655159568;161060;322701.21;04/08/2021;2
04/08/2021;2.2;2;2.2;2;2.0181053666787023;210484;424778.89;03/08/2021;2.28
03/08/2021;2.3;2.28;2.3;2.28;2.2872340425531914;18800;43000;02/08/2021;2.36
02/08/2021;2.37;2.36;2.37;2.36;2.363202488132264;30545;72184.02;30/07/2021;2.37
30/07/2021;2.4;2.37;2.4;2.37;2.3912815761240616;143542;343249.34;27/07/2021;2.67
27/07/2021;2.7;2.67;2.7;2.65;2.6773835824973653;25619;68591.89;26/07/2021;2.7
26/07/2021;2.65;2.7;2.71;2.65;2.68596850462019;46102;123828.52;23/07/2021;2.65
23/07/2021;2.6;2.65;2.65;2.6;2.637155963302752;10900;28745;22/07/2021;2.5
22/07/2021;2.5;2.5;2.5;2.5;2.5553069872868828;10147;25928.7;21/07/2021;2.45
21/07/2021;2.45;2.45;2.45;2.45;2.4494481291009045;28195;69062.19;20/07/2021;2.35
20/07/2021;2.34;2.35;2.35;2.34;2.3498151501335247;230295;541150.68;19/07/2021;2.34
19/07/2021;2.4;2.34;2.4;2.34;2.3916597583339616;39807;95204.8;16/07/2021;2.4
16/07/2021;2.4;2.4;2.4;2.39;2.3997922762780894;722113;1732921.2;15/07/2021;2.4
15/07/2021;2.4;2.4;2.4;2.4;2.4000000000000004;21727;52144.8;14/07/2021;2.4
14/07/2021;2.4;2.4;2.4;2.4;2.398660964230171;12860;30846.78;13/07/2021;2.4
13/07/2021;2.36;2.4;2.42;2.36;2.400059493016037;757736;1818611.48;12/07/2021;2.32
12/07/2021;2.3;2.32;2.32;2.3;2.3265984431985194;18371;42741.94;09/07/2021;2.3
09/07/2021;2.2;2.3;2.3;2.2;2.220807601141948;247647;549976.34;08/07/2021;2.2
08/07/2021;2.2;2.2;2.2;2.2;2.2;19350;42570;07/07/2021;2.2
07/07/2021;2.2;2.2;2.22;2.2;2.205413458090734;58567;129164.45;06/07/2021;2.2
06/07/2021;2.2;2.2;2.2;2.2;2.1988277815766337;51185;112547;05/07/2021;2.17
05/07/2021;2.17;2.17;2.17;2.16;2.1673322582754038;45889;99456.71;02/07/2021;2.14
02/07/2021;2.15;2.14;2.15;2.13;2.1423739155651145;82762;177307.15;01/07/2021;2.19
01/07/2021;2.2;2.19;2.2;2.19;2.196648038012022;125434;275534.35;30/06/2021;2.2
30/06/2021;2.17;2.2;2.2;2.17;2.1939277626743943;167365;367186.72;28/06/2021;2.19
28/06/2021;2.2;2.19;2.2;2.18;2.195011676267153;89926;197388.62;25/06/2021;2.17
25/06/2021;2.17;2.17;2.19;2.17;2.1710664462677713;150031;325727.27;23/06/2021;2.19
24/06/2021;;;;;2.17;3180;6900.6;23/06/2021;2.19
23/06/2021;2.2;2.19;2.2;2.19;2.1938981646698954;15692;34426.65;22/06/2021;2.16
22/06/2021;2.16;2.16;2.16;2.16;2.1633333333333336;12000;25960;21/06/2021;2.2
21/06/2021;2.2;2.2;2.2;2.2;2.199850107066381;46700;102733;18/06/2021;2.16
18/06/2021;2.18;2.16;2.19;2.16;2.177018770124872;25466;55439.96;17/06/2021;2.19
17/06/2021;2.19;2.19;2.19;2.19;2.19;1048829;2296935.51;16/06/2021;2.19
16/06/2021;2.21;2.19;2.22;2.18;2.1954954849624837;290806;638463.26;15/06/2021;2.21
15/06/2021;2.25;2.21;2.25;2.21;2.2105034792890232;515910;1140420.85;14/06/2021;2.31
14/06/2021;2.35;2.31;2.35;2.3;2.3192454545454546;22000;51023.4;11/06/2021;2.37
11/06/2021;2.42;2.37;2.42;2.37;2.40105957842006;106599;255950.55;10/06/2021;2.42
10/06/2021;2.42;2.42;2.43;2.42;2.420928870967742;62000;150097.59;09/06/2021;2.4
09/06/2021;2.4;2.4;2.4;2.4;2.4;58911;141386.4;08/06/2021;2.42
08/06/2021;2.39;2.42;2.42;2.39;2.3961714042242375;32858;78733.4;07/06/2021;2.39
07/06/2021;2.6;2.39;2.6;2.38;2.4826066018903092;105697;262404.07;04/06/2021;2.65
04/06/2021;2.56;2.65;2.69;2.55;2.620699834162521;120600;316056.4;03/06/2021;2.5
03/06/2021;2.6;2.5;2.6;2.5;2.5051047618390325;1159153;2903799.7;02/06/2021;2.6
02/06/2021;2.55;2.6;2.65;2.55;2.628731437015146;135350;355798.8;01/06/2021;2.66
01/06/2021;2.67;2.66;2.67;2.66;2.6662534246575342;21900;58390.95;31/05/2021;2.65
31/05/2021;2.7;2.65;2.72;2.65;2.7048411769522347;207621;561581.83;28/05/2021;2.7
28/05/2021;2.6;2.7;2.7;2.6;2.688280336684592;171080;459911;27/05/2021;2.5
27/05/2021;2.56;2.5;2.56;2.45;2.4999644303774136;1464733;3661780.4;26/05/2021;2.54
26/05/2021;2.5;2.54;2.75;2.5;2.506861448079467;133791;335395.5;25/05/2021;2.5
25/05/2021;2.5;2.5;2.52;2.5;2.500453273893329;379991;950149.74;24/05/2021;2.5
24/05/2021;2.5;2.5;2.5;2.49;2.4999490889726204;1964211;4910427.5;21/05/2021;2.5
21/05/2021;2.6;2.5;2.6;2.5;2.538873174833728;39243;99633;20/05/2021;2.63
20/05/2021;2.63;2.63;2.63;2.63;2.63;28600;75218;19/05/2021;2.63
19/05/2021;2.64;2.63;2.64;2.63;2.6315992319297767;58328;153495.92;18/05/2021;2.65
18/05/2021;2.75;2.65;2.75;2.65;2.6957019732365612;79362;213936.3;17/05/2021;2.79
17/05/2021;2.79;2.79;2.79;2.79;2.7916331291921845;17145;47862.55;14/05/2021;2.81
14/05/2021;2.95;2.81;2.95;2.81;2.890237423950141;67390;194773.1;13/05/2021;2.9
13/05/2021;2.85;2.9;2.92;2.84;2.8657387513730472;289502;829637.1;12/05/2021;2.85
12/05/2021;2.85;2.85;2.85;2.83;2.8423115024607055;346039;983550.63;11/05/2021;2.85
11/05/2021;2.9;2.85;2.9;2.85;2.8578666477313073;140830;402473.36;10/05/2021;2.9
10/05/2021;2.84;2.9;2.9;2.84;2.8667310629326517;240956;690756.05;07/05/2021;2.78
07/05/2021;2.75;2.78;2.8;2.74;2.754829844077359;388526;1070323.02;06/05/2021;2.72
06/05/2021;2.75;2.72;2.75;2.72;2.7460978259639437;88361;242647.95;05/05/2021;2.75
05/05/2021;2.8;2.75;2.81;2.75;2.784660273143419;105732;294427.7;04/05/2021;2.78
04/05/2021;2.7;2.78;2.8;2.7;2.7459095503433977;38585;105950.92;03/05/2021;2.6
03/05/2021;2.6;2.6;2.6;2.6;2.600620855459565;37851;98436.1;30/04/2021;2.61
30/04/2021;2.6;2.61;2.65;2.6;2.607223663489117;262886;685402.6;29/04/2021;2.6
29/04/2021;2.53;2.6;2.6;2.53;2.563405389863293;76514;196136.4;28/04/2021;2.53
28/04/2021;2.5;2.53;2.6;2.5;2.51570050378697;233432;587245;27/04/2021;2.5
27/04/2021;2.75;2.5;2.75;2.5;2.5128528790305005;105539;265203.98;26/04/2021;2.5
26/04/2021;2.74;2.5;2.74;2.5;2.5334396680688256;191847;486032.8;23/04/2021;2.75
23/04/2021;2.85;2.75;2.85;2.7;2.7432170212765956;47000;128931.2;22/04/2021;2.75
22/04/2021;2.8;2.75;2.8;2.75;2.77803186644168;133934;372072.92;21/04/2021;2.9
21/04/2021;2.89;2.9;2.92;2.85;2.9009488539145716;259492;752773.02;20/04/2021;2.89
20/04/2021;3.4;2.89;3.4;2.89;2.9273891058830657;132108;386731.52;19/04/2021;3.4
19/04/2021;3.6;3.4;3.6;3.4;3.4589853989641246;78967;273145.7;16/04/2021;3.7
16/04/2021;3.75;3.7;3.75;3.7;3.7411424202708607;9156;34253.9;14/04/2021;3.75
15/04/2021;;;;;3.6999999999999997;666;2464.2;14/04/2021;3.75
14/04/2021;3.72;3.75;3.75;3.71;3.7226526838288967;20549;76496.79;13/04/2021;3.7
13/04/2021;3.71;3.7;3.71;3.69;3.698391881342701;12810;47376.4;12/04/2021;3.75
12/04/2021;3.75;3.75;3.75;3.75;3.75;3250;12187.5;09/04/2021;3.85
09/04/2021;3.92;3.85;3.92;3.85;3.8907400882299057;70951;276051.9;08/04/2021;3.92
08/04/2021;3.92;3.92;3.92;3.92;3.9204163829675793;19093;74852.51;07/04/2021;3.92
07/04/2021;3.9;3.92;3.92;3.9;3.9188685702971418;70707;277091.44;06/04/2021;3.85
06/04/2021;3.88;3.85;3.88;3.85;3.857561114416535;38657;149121.74;05/04/2021;3.88
05/04/2021;3.89;3.88;3.89;3.87;3.8859280597164467;139727;542969.07;31/03/2021;3.89
31/03/2021;3.85;3.89;3.89;3.85;3.8858914067191304;63282;245906.98;30/03/2021;3.89
30/03/2021;3.85;3.89;3.89;3.85;3.8575484017487085;17613;67943;29/03/2021;3.85
29/03/2021;3.85;3.85;3.85;3.85;3.85;14271;54943.35;26/03/2021;3.85
26/03/2021;3.85;3.85;3.85;3.85;3.8498855021697076;19127;73636.76;25/03/2021;3.8
25/03/2021;3.8;3.8;3.8;3.8;3.797832243447814;38842;147515.4;24/03/2021;3.7
24/03/2021;3.69;3.7;3.75;3.69;3.6999205298013247;75500;279344;23/03/2021;3.69
23/03/2021;3.69;3.69;3.69;3.69;3.6900000000000004;9895;36512.55;22/03/2021;3.69
22/03/2021;3.61;3.69;3.7;3.61;3.6906105321772333;50284;185578.66;19/03/2021;3.6
19/03/2021;3.6;3.6;3.6;3.54;3.5700317757009343;42800;152797.36;18/03/2021;3.6
18/03/2021;3.65;3.6;3.65;3.6;3.608472622478386;34700;125214;17/03/2021;3.66
17/03/2021;3.66;3.66;3.66;3.66;3.66;1500;5490;16/03/2021;3.7
16/03/2021;3.76;3.7;3.76;3.7;3.710987066031314;14690;54514.4;15/03/2021;3.76
15/03/2021;3.8;3.76;3.8;3.76;3.773818889571809;24405;92100.05;12/03/2021;3.78
12/03/2021;3.82;3.78;3.82;3.78;3.797364871107826;54115;205494.4;11/03/2021;3.82
11/03/2021;3.87;3.82;3.87;3.82;3.847705792682927;13120;50481.9;10/03/2021;3.87
10/03/2021;3.91;3.87;3.91;3.87;3.879295380473289;84684;328514.25;09/03/2021;3.91
09/03/2021;3.92;3.91;3.93;3.91;3.925495495495496;75480;296296.4;08/03/2021;3.91
08/03/2021;3.92;3.91;3.92;3.9;3.9048549974106677;30896;120644.4;04/03/2021;3.92
05/03/2021;;;;;3.9;1000;3900;04/03/2021;3.92
04/03/2021;3.91;3.92;3.93;3.91;3.920773286467487;54624;214168.32;03/03/2021;3.92
03/03/2021;3.91;3.92;3.92;3.91;3.9184086609207482;14271;55919.61;02/03/2021;3.93
02/03/2021;3.9;3.93;3.93;3.9;3.9123781525607306;6463;25285.7;01/03/2021;3.9
01/03/2021;3.84;3.9;3.95;3.84;3.8976691624424498;21503;83811.58;26/02/2021;3.83
26/02/2021;3.97;3.83;3.97;3.83;3.8440251163947337;72383;278242.07;25/02/2021;4
25/02/2021;4;4;4;3.98;3.9967222767419037;20380;81453.2;24/02/2021;4
24/02/2021;3.9;4;4;3.9;3.977221302245479;75485;300220.55;23/02/2021;3.9
23/02/2021;3.9;3.9;3.9;3.9;3.9;7200;28080;22/02/2021;3.94
22/02/2021;3.95;3.94;3.95;3.9;3.912816464310992;18367;71866.7;19/02/2021;3.98
19/02/2021;4;3.98;4;3.98;3.990768094534712;10832;43228;18/02/2021;4
18/02/2021;4;4;4;4;3.999955274564479;36221;144882.38;17/02/2021;3.98
17/02/2021;3.9;3.98;3.98;3.9;3.941241592920354;22600;89072.06;16/02/2021;3.91
16/02/2021;3.91;3.91;3.91;3.91;3.910840361445783;6640;25967.98;15/02/2021;3.9
15/02/2021;3.9;3.9;3.95;3.9;3.92345629510826;14964;58710.6;12/02/2021;3.85
12/02/2021;3.85;3.85;3.85;3.85;3.8721220811142976;4882;18903.7;11/02/2021;3.9
11/02/2021;3.91;3.9;3.91;3.9;3.9040128808521177;20185;78802.5;10/02/2021;3.9
10/02/2021;3.9;3.9;3.9;3.9;3.9;24130;94107;09/02/2021;3.9
09/02/2021;3.9;3.9;3.9;3.9;3.9000000000000004;31304;122085.6;08/02/2021;3.9
08/02/2021;3.9;3.9;3.97;3.9;3.953092329947952;67053;265066.7;05/02/2021;3.9
05/02/2021;3.8;3.9;3.9;3.8;3.8596852370728865;54962;212136.02;04/02/2021;3.85
04/02/2021;3.85;3.85;3.85;3.85;3.85;3669;14125.65;03/02/2021;3.85
03/02/2021;3.85;3.85;3.85;3.85;3.85;50221;193350.85;02/02/2021;3.85
02/02/2021;3.85;3.85;3.85;3.85;3.8499999999999996;2308;8885.8;01/02/2021;3.83
01/02/2021;3.87;3.83;3.9;3.83;3.8644541616405306;82900;320363.25;29/01/2021;3.9
29/01/2021;4;3.9;4;3.85;3.9075049640109207;48348;188920.05;26/01/2021;4
28/01/2021;;;;;;;;26/01/2021;4
27/01/2021;;;;;4;200;800;26/01/2021;4
26/01/2021;3.98;4;4;3.98;3.987823747056845;8919;35567.4;25/01/2021;4
25/01/2021;3.98;4;4;3.96;3.966629737404901;85569;339420.54;22/01/2021;4.05
22/01/2021;3.98;4.05;4.05;3.98;4.011666666666667;7800;31291;21/01/2021;3.98
21/01/2021;3.95;3.98;3.98;3.95;3.962021981856245;17196;68130.93;20/01/2021;3.99
20/01/2021;3.95;3.99;3.99;3.95;3.984882947422285;15634;62299.66;19/01/2021;3.98
19/01/2021;3.95;3.98;3.98;3.95;3.9618116415958142;76450;302880.5;18/01/2021;3.95
18/01/2021;3.98;3.95;3.98;3.95;3.9576744186046513;10750;42545;15/01/2021;3.93
15/01/2021;3.93;3.93;3.93;3.92;3.921746288939996;38264;150061.7;14/01/2021;3.93
14/01/2021;3.93;3.93;3.93;3.92;3.929048217370818;19101;75048.75;13/01/2021;3.93
13/01/2021;3.78;3.93;3.93;3.78;3.8135833333333333;16200;61780.05;12/01/2021;3.78
12/01/2021;3.78;3.78;3.78;3.78;3.776683350016683;5994;22637.44;11/01/2021;3.76
11/01/2021;3.78;3.76;3.78;3.76;3.7651805744667053;15423;58070.38;08/01/2021;3.76
08/01/2021;3.76;3.76;3.76;3.76;3.7597925669835783;23140;87001.6;07/01/2021;3.76
07/01/2021;3.78;3.76;3.8;3.76;3.7810852713178296;16125;60970;06/01/2021;3.75
06/01/2021;3.75;3.75;3.75;3.75;3.75;10875;40781.25;04/01/2021;3.78
05/01/2021;;;;;;;;04/01/2021;3.78
04/01/2021;3.78;3.78;3.78;3.78;3.7743068391866914;1623;6125.7;29/12/2020;3.8
31/12/2020;;;;;;;;29/12/2020;3.8
30/12/2020;;;;;3.8;1000;3800;29/12/2020;3.8
29/12/2020;3.8;3.8;3.8;3.8;3.8;1650;6270;23/12/2020;3.8
28/12/2020;;;;;3.75;500;1875;23/12/2020;3.8
24/12/2020;;;;;;;;23/12/2020;3.8
23/12/2020;3.8;3.8;3.8;3.8;3.788019265502709;6644;25167.6;21/12/2020;3.9
22/12/2020;;;;;;;;21/12/2020;3.9
21/12/2020;3.9;3.9;3.9;3.9;3.9;5042;19663.8;18/12/2020;3.9
18/12/2020;3.9;3.9;3.9;3.9;3.9000000000000004;21382;83389.8;17/12/2020;3.9
17/12/2020;3.95;3.9;3.95;3.9;3.943198529411765;16320;64353;16/12/2020;3.9
16/12/2020;3.95;3.9;3.95;3.9;3.9369228357155923;38269;150662.1;15/12/2020;3.9
15/12/2020;3.91;3.9;3.91;3.9;3.900571572281031;43739;170607.1;14/12/2020;3.95
14/12/2020;3.95;3.95;3.95;3.95;3.934098816979819;7185;28266.5;11/12/2020;3.9
11/12/2020;3.95;3.9;3.95;3.9;3.926877900918822;21114;82912.1;10/12/2020;3.95
10/12/2020;3.8;3.95;3.95;3.8;3.8997842806227725;5331;20789.75;09/12/2020;3.76
09/12/2020;3.75;3.76;3.8;3.75;3.776892869445401;46448;175429.12;07/12/2020;3.73
07/12/2020;3.73;3.73;3.74;3.73;3.73110571902451;16279;60738.67;04/12/2020;3.73
04/12/2020;3.72;3.73;3.73;3.72;3.7262263099219624;7176;26739.4;03/12/2020;3.72
03/12/2020;3.69;3.72;3.8;3.69;3.749764183446903;26122;97951.34;02/12/2020;3.68
02/12/2020;3.7;3.68;3.71;3.66;3.6797278851657786;22711;83570.3;01/12/2020;3.67
01/12/2020;3.67;3.67;3.67;3.67;3.67;52071;191100.57;30/11/2020;3.67
30/11/2020;3.67;3.67;3.67;3.67;3.6700000000000004;18981;69660.27;27/11/2020;3.67
27/11/2020;3.67;3.67;3.67;3.67;3.6710285015965622;25367;93122.98;26/11/2020;3.67
26/11/2020;3.67;3.67;3.68;3.66;3.6692312284142754;46906;172108.96;25/11/2020;3.67
25/11/2020;3.68;3.67;3.68;3.67;3.671775983785691;731206;2684824.63;24/11/2020;3.68
24/11/2020;3.67;3.68;3.68;3.66;3.6739367653852075;77932;286317.24;23/11/2020;3.67
23/11/2020;3.67;3.67;3.67;3.67;3.6693927206917354;9946;36495.78;20/11/2020;3.69
20/11/2020;3.69;3.69;3.69;3.69;3.69;249959;922348.71;19/11/2020;3.69
19/11/2020;3.69;3.69;3.69;3.68;3.6890063404524382;341616;1260223.59;18/11/2020;3.7
18/11/2020;3.7;3.7;3.7;3.7;3.7;47240;174788;17/11/2020;3.67
17/11/2020;3.67;3.67;3.67;3.67;3.67;8964;32897.88;16/11/2020;3.67
16/11/2020;3.65;3.67;3.67;3.65;3.666671105193076;12016;44058.72;13/11/2020;3.66
13/11/2020;3.67;3.66;3.67;3.66;3.6672416329532913;5438;19942.46;12/11/2020;3.67
12/11/2020;3.67;3.67;3.67;3.67;3.6700000000000004;10953;40197.51;11/11/2020;3.65
11/11/2020;3.69;3.65;3.69;3.65;3.6627924594170014;28645;104920.69;10/11/2020;3.69
10/11/2020;3.5;3.69;3.69;3.5;3.670805881052399;36184;132824.44;09/11/2020;3.8
09/11/2020;3.6;3.8;3.8;3.6;3.709318145862996;6321;23446.6;06/11/2020;3.6
06/11/2020;3.57;3.6;3.6;3.5;3.55954167264381;27884;99254.26;05/11/2020;3.57
05/11/2020;3.57;3.57;3.57;3.57;3.5715625;3200;11429;02/11/2020;3.7
04/11/2020;;;;;;;;02/11/2020;3.7
03/11/2020;;;;;3.68;2233;8217.44;02/11/2020;3.7
02/11/2020;3.7;3.7;3.7;3.7;3.7;10297;38098.9;30/10/2020;3.7
30/10/2020;3.78;3.7;3.78;3.7;3.712613322822231;12685;47094.5;29/10/2020;3.8
29/10/2020;3.8;3.8;3.8;3.8;3.8000000000000003;4884;18559.2;28/10/2020;3.8
28/10/2020;3.8;3.8;3.8;3.8;3.8095744680851062;4700;17905;26/10/2020;3.97
27/10/2020;;;;;;;;26/10/2020;3.97
26/10/2020;3.97;3.97;3.97;3.97;3.97;3702;14696.94;22/10/2020;3.98
23/10/2020;;;;;3.9699999999999998;505;2004.85;22/10/2020;3.98
22/10/2020;3.97;3.98;3.99;3.97;3.9811703801871943;12073;48064.67;21/10/2020;3.95
21/10/2020;3.89;3.95;3.95;3.89;3.9330913348946135;8540;33588.6;19/10/2020;3.89
20/10/2020;;;;;3.89;646;2512.94;19/10/2020;3.89
19/10/2020;3.95;3.89;3.95;3.89;3.9154444517877205;15131;59244.59;16/10/2020;4
16/10/2020;4;4;4;4;3.9958991981672396;2619;10465.26;15/10/2020;3.99
15/10/2020;3.99;3.99;3.99;3.99;3.9921932474691264;18867;75320.71;14/10/2020;4.08
14/10/2020;4.08;4.08;4.08;4.08;4.08;4000;16320;05/10/2020;4.1
13/10/2020;;;;;;;;05/10/2020;4.1
12/10/2020;;;;;4.041153470185729;1023;4134.1;05/10/2020;4.1
09/10/2020;;;;;;265;;05/10/2020;4.1
08/10/2020;;;;;4;100;400;05/10/2020;4.1
07/10/2020;;;;;4.08;500;2040;05/10/2020;4.1
06/10/2020;;;;;4.093171247357294;946;3872.14;05/10/2020;4.1
05/10/2020;4.1;4.1;4.1;4.1;4.1;1500;6150;01/10/2020;4.1
02/10/2020;;;;;;;;01/10/2020;4.1
01/10/2020;4.1;4.1;4.1;4.1;4.1;6300;25830;30/09/2020;4.1
30/09/2020;4.1;4.1;4.1;4.1;4.095448838669178;6372;26096.2;28/09/2020;4.1
29/09/2020;;;;;4.15;485;2012.75;28/09/2020;4.1
28/09/2020;4.1;4.1;4.1;4.1;4.1;6200;25420;25/09/2020;4.1
25/09/2020;4.1;4.1;4.1;4.1;4.104390243902439;4100;16828;18/09/2020;4.18
24/09/2020;;;;;;;;18/09/2020;4.18
23/09/2020;;;;;;;;18/09/2020;4.18
22/09/2020;;;;;;;;18/09/2020;4.18
21/09/2020;;;;;;;;18/09/2020;4.18
18/09/2020;4.18;4.18;4.18;4.18;4.18;2400;10032;15/09/2020;4.2
17/09/2020;;;;;;;;15/09/2020;4.2
16/09/2020;;;;;4.196;2500;10490;15/09/2020;4.2
15/09/2020;4.2;4.2;4.2;4.2;4.2135151700888755;3263;13748.7;14/09/2020;4.28
14/09/2020;4.28;4.28;4.28;4.28;4.28;5924;25354.72;10/09/2020;4.22
11/09/2020;;;;;;;;10/09/2020;4.22
10/09/2020;4.58;4.57;4.58;4.55;4.565654477775345;22835;104256.72;09/09/2020;4.58
09/09/2020;4.55;4.58;4.61;4.55;4.593829194066696;46989;215859.44;08/09/2020;4.53
08/09/2020;4.54;4.53;4.54;4.45;4.510645374401629;92334;416485.93;04/09/2020;4.41
07/09/2020;;;;;4.6899999999999995;1023;4797.87;04/09/2020;4.41
04/09/2020;4.4;4.41;4.41;4.4;4.405724565260844;5003;22041.84;03/09/2020;4.4
03/09/2020;4.41;4.4;4.41;4.4;4.402304281315958;51643;227348.2;02/09/2020;4.36
02/09/2020;4.35;4.36;4.39;4.35;4.367532051282051;14040;61320.15;01/09/2020;4.32
01/09/2020;4.25;4.32;4.35;4.25;4.311161632706545;15263;65801.26;31/08/2020;4.25
31/08/2020;4.25;4.25;4.25;4.25;4.25;3040;12920;28/08/2020;4.2
28/08/2020;4.2;4.2;4.2;4.2;4.2;11805;49581;27/08/2020;4.2
27/08/2020;4.2;4.2;4.2;4.2;4.2;6828;28677.6;24/08/2020;4.29
26/08/2020;;;;;4.29;684;2934.36;24/08/2020;4.29
25/08/2020;;;;;4.2;500;2100;24/08/2020;4.29
24/08/2020;4.29;4.29;4.29;4.29;4.29;1140;4890.6;18/08/2020;4.29
21/08/2020;;;;;;;;18/08/2020;4.29
20/08/2020;;;;;;;;18/08/2020;4.29
19/08/2020;;;;;;;;18/08/2020;4.29
18/08/2020;4.29;4.29;4.29;4.29;4.29;9746;41810.34;17/08/2020;4.3
17/08/2020;4.3;4.3;4.3;4.3;4.3;14667;63068.1;14/08/2020;4.3
14/08/2020;4.29;4.3;4.3;4.29;4.296191304347826;4600;19762.48;13/08/2020;4.3
13/08/2020;4.3;4.3;4.3;4.28;4.295087753208597;25868;111105.33;12/08/2020;4.3
12/08/2020;4.3;4.3;4.3;4.3;4.3;8614;37040.2;11/08/2020;4.3
11/08/2020;4.35;4.3;4.35;4.3;4.322084136523415;8819;38116.46;07/08/2020;4.38
10/08/2020;;;;;4.3;1700;7310;07/08/2020;4.38
07/08/2020;4.4;4.38;4.4;4.38;4.388285063455906;3073;13485.2;06/08/2020;4.38
06/08/2020;4.3;4.38;4.38;4.3;4.359634993524078;8493;37026.38;04/08/2020;4.29
05/08/2020;;;;;;;;04/08/2020;4.29
04/08/2020;4.29;4.29;4.29;4.29;4.291830143540669;4180;17939.85;03/08/2020;4.26
03/08/2020;4.26;4.26;4.26;4.26;4.2778985135827785;1951;8346.18;31/07/2020;4.3
31/07/2020;4.4;4.3;4.4;4.3;4.321530460624071;5384;23267.12;30/07/2020;4.4
30/07/2020;4.4;4.4;4.4;4.38;4.395692749461594;5572;24492.8;29/07/2020;4.45
29/07/2020;4.4;4.45;4.45;4.4;4.44375;12000;53325;24/07/2020;4.4
27/07/2020;;;;;;;;24/07/2020;4.4
24/07/2020;4.3;4.4;4.4;4.3;4.3277310924369745;15589;67465;23/07/2020;4.3
23/07/2020;4.35;4.3;4.35;4.3;4.327692151693368;4931;21339.85;22/07/2020;4.3
22/07/2020;4.4;4.3;4.4;4.3;4.356518462697815;7962;34686.6;21/07/2020;4.3
21/07/2020;4.3;4.3;4.3;4.3;4.2900277649236465;4322;18541.5;20/07/2020;4.25
20/07/2020;4.3;4.25;4.3;4.25;4.264848293299621;12656;53975.92;17/07/2020;4.37
17/07/2020;4.37;4.37;4.37;4.37;4.373323170731708;3936;17213.4;16/07/2020;4.4
16/07/2020;4.4;4.4;4.4;4.4;4.384101748807631;1258;5515.2;15/07/2020;4.3
15/07/2020;4.25;4.3;4.3;4.25;4.25249298019276;13177;56035.1;14/07/2020;4.3
14/07/2020;4.3;4.3;4.3;4.28;4.304785013567105;9582;41248.45;13/07/2020;4.35
13/07/2020;4.39;4.35;4.39;4.35;4.370528691166989;7755;33893.45;10/07/2020;4.4
10/07/2020;4.6;4.4;4.6;4.4;4.475598203348305;9796;43842.96;09/07/2020;4.6
09/07/2020;4.6;4.6;4.6;4.6;4.594436541804963;6327;29069;08/07/2020;4.55
08/07/2020;4.55;4.55;4.55;4.55;4.55;1076;4895.8;06/07/2020;4.55
07/07/2020;;;;;;;;06/07/2020;4.55
06/07/2020;4.56;4.55;4.56;4.55;4.553056851311953;13720;62467.94;03/07/2020;4.5
03/07/2020;4.5;4.5;4.5;4.5;4.5;335000;1507500;02/07/2020;4.68
02/07/2020;4.72;4.68;4.72;4.68;4.7110810810810815;14800;69724;01/07/2020;4.72
01/07/2020;4.74;4.72;4.74;4.72;4.732394366197183;8520;40320;30/06/2020;4.75
30/06/2020;4.75;4.75;4.75;4.75;4.75;10850;51537.5;26/06/2020;4.75
26/06/2020;4.92;4.75;4.92;4.75;4.8544931646305995;13752;66758.99;25/06/2020;4.92
25/06/2020;4.88;4.92;4.92;4.88;4.918955613577023;38300;188396;24/06/2020;4.92
24/06/2020;4.9;4.92;4.92;4.9;4.912631862701052;55645;273363.4;23/06/2020;4.85
23/06/2020;4.78;4.85;4.85;4.78;4.820844604749023;16635;80194.75;22/06/2020;4.8
22/06/2020;4.76;4.8;4.8;4.76;4.794297526552142;14029;67259.2;18/06/2020;4.65
19/06/2020;;;;;;;;18/06/2020;4.65
18/06/2020;4.65;4.65;4.65;4.65;4.65;20937;97357.05;17/06/2020;4.65
17/06/2020;4.65;4.65;4.65;4.65;4.6499999999999995;18353;85341.45;16/06/2020;4.55
16/06/2020;4.54;4.55;4.55;4.54;4.546058863791923;7305;33208.96;15/06/2020;4.55
15/06/2020;4.54;4.55;4.55;4.54;4.545027558629633;9253;42055.14;12/06/2020;4.55
12/06/2020;4.5;4.55;4.55;4.5;4.544068098232293;33716;153207.8;11/06/2020;4.5
11/06/2020;4.43;4.5;4.5;4.43;4.442889878684873;17063;75809.03;10/06/2020;4.43
10/06/2020;4.41;4.43;4.43;4.41;4.418672566371681;5650;24965.5;09/06/2020;4.41
09/06/2020;4.41;4.41;4.41;4.41;4.41;10017;44174.97;05/06/2020;4.41
08/06/2020;;;;;;;;05/06/2020;4.41
05/06/2020;4.43;4.41;4.43;4.41;4.411205561760967;25963;114528.13;04/06/2020;4.4
04/06/2020;4.36;4.4;4.4;4.36;4.394092234981353;27083;119005.2;03/06/2020;4.35
03/06/2020;4.35;4.35;4.35;4.21;4.301971199482964;99026;426007;02/06/2020;4.35
02/06/2020;4.4;4.35;4.4;4.35;4.387564102564102;24180;106091.3;01/06/2020;4.4
01/06/2020;4.42;4.4;4.42;4.4;4.402802025846324;101291;445964.22;29/05/2020;4.41
29/05/2020;4.45;4.41;4.5;4.41;4.445486678396381;31828;141490.95;28/05/2020;4.45
28/05/2020;4.45;4.45;4.45;4.4;4.413375585420485;19644;86696.35;27/05/2020;4.4
27/05/2020;4.42;4.4;4.42;4.4;4.42314616349333;17542;77590.83;26/05/2020;4.65
26/05/2020;4.65;4.65;4.65;4.65;4.65;1050;4882.5;25/05/2020;4.65
25/05/2020;4.67;4.65;4.69;4.65;4.664501828153565;8752;40823.72;22/05/2020;4.67
22/05/2020;4.67;4.67;4.67;4.67;4.67;1988;9283.96;21/05/2020;4.67
21/05/2020;4.67;4.67;4.67;4.67;4.67;2997;13995.99;20/05/2020;4.67
20/05/2020;4.67;4.67;4.67;4.67;4.67;5260;24564.2;19/05/2020;4.67
19/05/2020;4.69;4.67;4.69;4.66;4.673806794924274;12215;57090.55;15/05/2020;4.7
18/05/2020;;;;;4.69;753;3531.57;15/05/2020;4.7
15/05/2020;4.7;4.7;4.7;4.7;4.69913062862238;8972;42160.6;14/05/2020;4.7
14/05/2020;4.65;4.7;4.7;4.65;4.686275518956939;11658;54632.6;13/05/2020;4.7
13/05/2020;4.7;4.7;4.7;4.7;4.7;24300;114210;12/05/2020;4.7
12/05/2020;4.7;4.7;4.7;4.7;4.7;18390;86433;11/05/2020;4.7
11/05/2020;4.69;4.7;4.7;4.69;4.698680390604381;37890;178033;06/05/2020;4.69
08/05/2020;;;;;4.7;1118;5254.6;06/05/2020;4.69
07/05/2020;;;;;4.686998491704374;1989;9322.44;06/05/2020;4.69
06/05/2020;4.69;4.69;4.69;4.69;4.69;7310;34283.9;29/04/2020;4.69
05/05/2020;;;;;4.6899999999999995;722;3386.18;29/04/2020;4.69
04/05/2020;;;;;;;;29/04/2020;4.69
30/04/2020;;;;;;;;29/04/2020;4.69
29/04/2020;4.69;4.69;4.69;4.69;4.69;4675;21925.75;28/04/2020;4.69
28/04/2020;4.69;4.69;4.69;4.69;4.69;1675;7855.75;24/04/2020;4.7
27/04/2020;;;;;;;;24/04/2020;4.7
24/04/2020;4.7;4.7;4.7;4.7;4.7;22200;104340;23/04/2020;4.7
23/04/2020;4.75;4.7;4.75;4.7;4.7300399201596806;25050;118487.5;21/04/2020;4.67
22/04/2020;;;;;;;;21/04/2020;4.8
21/04/2020;4.8;4.8;4.8;4.8;4.8;5800;27840;20/04/2020;4.76
20/04/2020;4.76;4.76;4.76;4.76;4.76;4000;19040;15/04/2020;4.75
17/04/2020;;;;;;;;15/04/2020;4.75
16/04/2020;;;;;;;;15/04/2020;4.75
15/04/2020;4.75;4.75;4.75;4.75;4.75;38827;184428.25;14/04/2020;4.75
14/04/2020;4.75;4.75;4.75;4.75;4.75;4930;23417.5;08/04/2020;4.75
13/04/2020;;;;;;;;08/04/2020;4.75
08/04/2020;4.75;4.75;4.75;4.75;4.75;22745;108038.75;07/04/2020;4.75
07/04/2020;4.77;4.75;4.8;4.75;4.756353698462904;18021;85714.25;06/04/2020;4.8
06/04/2020;4.8;4.8;4.8;4.8;4.8;4705;22584;03/04/2020;4.8
03/04/2020;4.8;4.8;4.8;4.79;4.799843374008629;70231;337097.8;02/04/2020;4.8
02/04/2020;4.8;4.8;4.8;4.8;4.8;40533;194558.4;01/04/2020;4.8
01/04/2020;4.8;4.8;4.8;4.8;4.8;10292;49401.6;31/03/2020;4.8
31/03/2020;4.8;4.8;4.8;4.8;4.8;5987;28737.6;30/03/2020;4.8
30/03/2020;4.9;4.8;4.9;4.8;4.8479998615821165;14449;70048.75;27/03/2020;4.9
27/03/2020;4.9;4.9;4.95;4.9;4.909713767646678;7721;37907.9;25/03/2020;4.95
26/03/2020;;;;;;;;25/03/2020;4.95
25/03/2020;4.95;4.95;4.95;4.95;4.95;5412;26789.4;24/03/2020;4.95
24/03/2020;4.95;4.95;4.95;4.9;4.915157830914397;26389;129706.1;20/03/2020;5
23/03/2020;;;;;;;;20/03/2020;5
20/03/2020;5;5;5.05;5;5.00232991612302;107300;536750;18/03/2020;5.1
19/03/2020;;;;;;;;18/03/2020;5.1
18/03/2020;5.15;5.1;5.15;5;5.055793006473523;37692;190562.95;16/03/2020;5.15
17/03/2020;;;;;;;;16/03/2020;5.15
16/03/2020;5.15;5.15;5.15;5.1;5.14393889798145;18330;94288.4;13/03/2020;5.15
13/03/2020;5.15;5.15;5.15;5.1;5.138518651773595;61147;314205;12/03/2020;5.15
12/03/2020;5.15;5.15;5.15;5;5.129182583220841;69634;357165.5;11/03/2020;5.15
11/03/2020;5.15;5.15;5.15;5.15;5.15;17130;88219.5;10/03/2020;5.15
10/03/2020;5.15;5.15;5.15;5.15;5.15;89700;461955;09/03/2020;5.15
09/03/2020;5.15;5.15;5.16;5.1;5.137244774237354;61857;317774.55;06/03/2020;5.24
06/03/2020;5.2;5.24;5.3;5.2;5.254926932659056;26893;141320.75;05/03/2020;5.2
05/03/2020;5.2;5.2;5.2;5.2;5.200794176042356;6044;31433.6;04/03/2020;5.4
04/03/2020;5.4;5.4;5.4;5.39;5.396712793733681;7660;41338.82;03/03/2020;5.2
03/03/2020;5.16;5.2;5.2;5.16;5.18426080363912;6595;34190.2;02/03/2020;5.16
02/03/2020;5.16;5.16;5.16;5.16;5.16046493455753;5119;26416.42;28/02/2020;5.2
28/02/2020;5.2;5.2;5.2;5.2;5.199999999999999;70518;366693.6;27/02/2020;5.2
27/02/2020;5.05;5.2;5.2;5.05;5.193295530353569;37475;194618.75;26/02/2020;5.05
26/02/2020;5.04;5.05;5.05;5.04;5.04375;24000;121050;25/02/2020;5.04
25/02/2020;5.1;5.04;5.1;5.04;5.069108910891089;7575;38398.5;24/02/2020;5.15
24/02/2020;5.25;5.15;5.25;5.15;5.155564340356426;23399;120635.05;21/02/2020;5.25
21/02/2020;5.25;5.25;5.25;5.18;5.21137625516834;42325;220571.5;20/02/2020;5.25
20/02/2020;5.25;5.25;5.25;5.25;5.25;2885;15146.25;19/02/2020;5.25
19/02/2020;5.25;5.25;5.25;5.25;5.25;10690;56122.5;18/02/2020;5.25
18/02/2020;5.25;5.25;5.25;5.25;5.25;33950;178237.5;17/02/2020;5.3
17/02/2020;5.3;5.3;5.3;5.3;5.3;2000;10600;14/02/2020;5.3
14/02/2020;5.35;5.3;5.35;5.3;5.333870967741936;4650;24802.5;13/02/2020;5.35
13/02/2020;5.35;5.35;5.35;5.35;5.35;7290;39001.5;12/02/2020;5.35
12/02/2020;5.35;5.35;5.35;5.35;5.35;4531;24240.85;11/02/2020;5.35
11/02/2020;5.35;5.35;5.35;5.35;5.35;6125;32768.75;10/02/2020;5.4
10/02/2020;5.4;5.4;5.4;5.4;5.4;35439;191370.6;07/02/2020;5.4
07/02/2020;5.39;5.4;5.4;5.39;5.39463536115884;45977;248029.15;06/02/2020;5.4
06/02/2020;5.4;5.4;5.4;5.4;5.401095238095238;6300;34026.9;05/02/2020;5.5
05/02/2020;5.5;5.5;5.5;5.5;5.5;8200;45100;03/02/2020;5.33
04/02/2020;;;;;;;;03/02/2020;5.33
03/02/2020;5.29;5.33;5.33;5.29;5.312485471237261;71238;378450.84;31/01/2020;5.29
31/01/2020;5.29;5.29;5.29;5.29;5.29;8081;42748.49;30/01/2020;5.29
30/01/2020;5.3;5.29;5.3;5.29;5.291736334405145;4976;26331.68;29/01/2020;5.3
29/01/2020;5.3;5.3;5.3;5.3;5.3;11500;60950;28/01/2020;5.39
28/01/2020;5.39;5.39;5.39;5.39;5.39;4600;24794;27/01/2020;5.4
27/01/2020;5.41;5.4;5.41;5.4;5.400623373156243;14983;80917.54;24/01/2020;5.41
24/01/2020;5.45;5.41;5.45;5.41;5.439038785834739;5930;32253.5;23/01/2020;5.5
23/01/2020;5.55;5.5;5.55;5.5;5.50997268381516;21965;121026.55;22/01/2020;5.55
22/01/2020;5.55;5.55;5.6;5.55;5.551840088324239;62497;346973.35;21/01/2020;5.5
21/01/2020;5.45;5.5;5.5;5.45;5.490404029202477;54105;297058.31;20/01/2020;5.4
20/01/2020;5.4;5.4;5.4;5.4;5.4;6750;36450;17/01/2020;5.41
17/01/2020;5.4;5.41;5.43;5.4;5.402776455656037;12606;68107.4;16/01/2020;5.4
16/01/2020;5.38;5.4;5.4;5.36;5.39103153474071;26669;143773.42;15/01/2020;5.35
15/01/2020;5.3;5.35;5.35;5.3;5.326763072409096;19086;101666.6;14/01/2020;5.31
14/01/2020;5.39;5.31;5.39;5.31;5.351205330102968;6604;35339.36;13/01/2020;5.4
13/01/2020;5.35;5.4;5.4;5.35;5.381858182823443;21704;116807.85;10/01/2020;5.35
10/01/2020;5.35;5.35;5.35;5.35;5.35;3670;19634.5;09/01/2020;5.3
09/01/2020;5.35;5.3;5.4;5.3;5.350137741046832;7260;38842;07/01/2020;5.41
08/01/2020;;;;;5.41;560;3029.6;07/01/2020;5.41
07/01/2020;5.4;5.41;5.45;5.4;5.4252751811494;18079;98083.55;06/01/2020;5.43
06/01/2020;5.43;5.43;5.45;5.43;5.433693181818182;7040;38253.2;03/01/2020;5.4
03/01/2020;5.4;5.4;5.43;5.4;5.407143526929613;34126;184524.18;02/01/2020;5.4
02/01/2020;5.45;5.4;5.45;5.4;5.403283582089553;16750;90505;30/12/2019;5.4
